,0
0,"BGM Assortment of Soda, Coca-Cola, Pepsi, Dr Pepper, Mountain Dew, Sprite and Ginger Ale Refrigerator Restock Kit (Pack of 12)"
1,"Pepsi Soda, 7.5 Ounce Mini Cans, 10 Pack"
2,"CALPICO SODA, Carbonated Soft Drink, Hint of Citrus Flavor, Japanese Soda, Made with CALPICO and Carbonated Water. 11.3oz Can (Pack of 8)"
3,(Mix Case) Sarsaparilla Collection 12 Pack
4,"IZZE Sparkling Juice, Grapefruit, 12 Fl Oz (pack of 4)"
5,"Tahitian Treat, Fruit Punch Soda, 20 Fl Oz Bottle (Pack of 10, Total of 200 Fl Oz)"
6,"Dr Pepper, 12 fl oz cans (Pack of 12)"
7,"Schweppes Club Soda, 10 Fl Oz (pack of 6)"
8,"Hansen's Diet Cola Soda Soft Drink, 12 fl oz, 6 Pack"
9,"SodaStream Diet Energy, 440ml 4-Pack"
10,"LUV BOX - VARIETY 7.5 OZ CANS , PACK OF 16 PEPSI ORIGINAL . WILD CHERRY PEPSI , REAL SUGAR PEPSI , SCHWEPPES CLUB SODA , CRUSH ORANGE , SIERRA MIST . DR PEPPER . MOUNTAIN DEW"
11,Pepsi Zero Sugar Mango Soda Soft Drink - 2 Cases (24 Cans)
12,"Diet Coke 12 oz. cans, 35 pk. A1"
13,Ramune Japanese Soda Variety Pack - Shirakiku Multiple Flavors - Japanese Drink Gift Box (5 Count)
14,"Coca-Cola Zero Sugar Fridge Pack Bundle, 12 fl oz, 36 Pack"
15,(Retro) Dad's Red Cream Soda with Real Cane Sugar 12 Pack
16,"Mexican Coke Fiesta Pack, 12 fl oz Glass Bottles, 12 Pack"
17,"LUV BOX - Canada Dry Drinks 1 Litre Bottles,Pack of 6,Canada dry Club Soda, Canada dry Tonic Water"
18,"Zevia Zero Calorie Soda, Grape, 16 Ounce Cans (Pack of 12)"
19,"Mountain Dew, Voltage, 20 Oz (Pack of 24)"
20,"Gatorade BOLT24 Energize + Caffeine, Advanced Electrolyte Drink Fueled by Gatorade, Vitamin A&C, 75mg Caffeine, 3 Flavor Variety, No Artificial Sweeteners or Flavors, 16.9 Fl Oz, 12 Pack"
21,"Mountain Dew, MTN Original and Major Melon Variety Pack 12oz Cans Pack, Watermelon, 18 Count"
22,"Q Mixers, Ginger Ale, 7.5 Fl Oz, 4 Pack"
23,"Diet Barq's Root Beer Soda Soft Drink, 12 fl oz, 12 Pack"
24,"San Pellegrino, Soda Aranciata Orange, 11.15 Fl Oz, 6 Pack"
25,Mountain Dew Major Melon Watermelon Flavor Soda Soft Drink - 2 Cases (24 Cans)
26,"Zevia Zero Calorie Soda, Creamy Root Beer, 12 Ounce Cans (Pack of 24)"
27,"7-UP Diet Cherry Soft Drink, 12 Fl Oz (Pack of 24)"
28,"Zevia Zero Calorie Soda, Grape, 12 Ounce Cans (Pack of 24)"
29,"Big Red Soda Soft Drink, 12 Ounce (Pack of 24 Cans)-SET F 2"
30,"Wild Bill's - 4-Flavor Soda Variety Sampler, Root Beer + Vanilla Cream + Black Cherry + Orange Cream, Pure Cane Sugar, NO High Fructose Corn Syrup, Caffeine Free, Gluten Free, Vegan (12 oz, 12-Pack)"
31,"Mountain Dew Soda, 7.5 Ounce Mini Cans, 10 Pack"
32,"365 by Whole Foods Market, Cola Zero Calorie, 12 Fl Oz, 6 Pack"
33,"Shasta Orange Creme Soda, California Dreamin, 12 Oz Can (Pack of 12)"
34,"Sun Drop Citrus Soda, 16.9 fl oz bottles, 6 pack"
35,"Coca-Cola Drink Cans, 12 Fl. Oz. (Pack Of 35)"
36,"Frannieâ€™s Sparkling Pink Pomelo Paloma, Protected With High-Density Foam, With Vitamins, Antioxidants, Energy, Zero Aspartame & No Sugar, 12 Oz. Cans (Pack of 8 Cans)"
37,"Zevia Zero Calorie Cream Soda, 16 Ounce Cans (Pack of 12)"
38,Moxie Soda (12 - 12oz Cans)
39,"OLIPOP - 6-Flavor Soda Variety Pack, Healthy Soda Sampler, Prebiotic Soft Drinks, Supports Digestive Health & Gut Health, 9g of Dietary Plant Fiber, Low Calorie, Low Sugar, Vegan (12 oz, 6-Pack)"
40,"OLIPOP - 5-Flavor Soda Variety Pack, Healthy Soda Sampler, Prebiotic Soft Drinks, Supports Digestive Health & Gut Health, 9g of Dietary Plant Fiber, Low Calorie, Low Sugar, Vegan (12 oz, 5-Pack)"
41,(Mix Case) Premium Soda Orca Choice 12 Pack
42,"Coke De Mexico Mexican s, 12 Fl Oz (pack of 4)"
43,"Coca-Cola Coke Zero Cans, 12 Ounce [35 Cans]"
44,"S.Pellegrino Essenza Delicious Cocoa & Coffee Flavors, 11.15 fl oz. Cans (24 Count)"
45,Jarritos Mexican Soft Soda Drink 12oz Glass Bottle Variety Pack (Party Pack 12 Ct)
46,Melba's Fixins Sweet Southern Pies Variety 6-Pack
47,"Zevia Zero Calorie Soda, Cola, 16 Ounce Cans (Pack of 12)"
48,"Dr Pepper & Cream Soda, 12 fl oz cans, 12 pack"
49,"Sangaria Ramune Original, 6.76 Fluid Ounce (Pack of 6)"
50,"Pepsi, Cola, 12 oz (pack of 12)"
51,"Diet Pepsi, 12 ounce Cans (pack of 24)"
52,"Cheerwine Cherry Fridge Pack Soft Drink, 12 Ounce (12 Cans)"
53,"Coca-Cola Mini-Cans, 7.5 fl oz (Pack of 24)"
54,"A&W Root Beer, Soft Drink Soda, 12 Fl Oz Can (Pack of 15, Total of 180 Fl Oz)"
55,Ironbeer 6PK 12 OZ
56,"Hapi Aloe Vera Drink, Original, 16.9 Ounce (Pack of 20)"
57,Canada Dry Zero Sugar Ginger Ale and Lemonade Soda Soft Drink Cans - 2 Cases (24 Cans)
58,"Sprite Lemon Lime Soda Soft Drinks, 12 Fl Oz per can, 24 Pack, 288 Fl Oz"
59,"OLIPOP - 5-Flavor Soda Variety Pack, Healthy Soda Sampler, Prebiotic Soft Drinks, Supports Digestive Health & Gut Health, 9g of Dietary Plant Fiber, Low Calorie, Low Sugar, Vegan (12 oz, 10-Pack)"
60,"Kutztown Sarsaparilla Soda in Glass Bottles, 12 Oz. (Pack of 4 Bottles)"
61,"Diet 7UP Lemon Lime Soda, Zero Calories and Caffeine Free, 12 Fl Oz Cans (pack of 12)"
62,"Diet Dr Pepper, 12 fl oz cans (Pack of 12)"
63,"Sprite Lemon Lime Soda Soft Drinks, 12 fl oz, 6 Pack"
64,"Jarritos Mexican Soft Soda Drink, Grapefruit, Mandarin, Lime - Variety Pack, 12.5oz Glass Bottle (Pack of 6, Total of 75 Fl Oz)"
65,"Coke Cola Diet, 12 Fl Oz 12 Cans - 2 packs by Diet Coke"
66,"7-UP Diet Cherry Soft Drink, 12 Fl Oz (Pack of 24)"
67,"16 Soda Variety Pack, a Soft Drink Assortment of Coca-Cola, Pepsi, Sprite, Mountain Dew, Dr. Pepper, Sunkist, Canada Dry Ginger Ale, Brisk Ice Tea, Care Package Bundle of Beverage Mix Pop - by Murai"
68,"Assortment of DIET Soda, Diet Coke, Diet Pepsi, Diet Dr Pepper, Diet Mountain Dew, Sprite Zero, and Diet Ginger Ale Drinks Refrigerator Restock Kit (Pack of 12)"
69,"7-UP Diet Soda Soft Drink, 12 Fl Oz (Pack of 24)"
70,"Big Red Soda Soft Drink, 12 Fl Oz (Pack of 24)"
71,"Zevia Zero Calorie Soda, Cola, 12 oz, (10 Pack)"
72,Ultimate Cream Soda Sampler - Premium Cream Soda Variety Mix Case - Gourmet Sodas from All Around the Country - 12oz (12-Pack)
73,Mountain Dew Major Melon Watermelon Flavor Soda Soft Drink - 2 Cases (24 Cans)
74,Coca Cola Original Classic Coke Soda Mini Cans Soft Drink - 30 Pck (7.5 fl oz)
75,SUMOL Fruit de La Passion Can Soda 12 Pack / Passion Fruit Soft Drink Can 12 Pack.
76,"Diet Coke, 12 fl oz, 24 Pack (Package May Vary)"
77,"Coca-Cola Drink Cans, 12 Fl. Oz. (Pack Of 35)"
78,"Orange Vanilla Coke Coca-Cola Soda Drink, 20oz Bottles (Pack of 12, Total of 240 Fl OZ)"
79,"Soda Variety Pack (12 Cans) Bundle of Coke, Pepsi Cola, Dr Pepper, Mountain Dew, Sprite and Canada Dry Ginger Ale Soft Drinks, Mini Fridge Organizer Can Restock Kit"
80,"OLIPOP - Classic Root Beer Sparkling Tonic, Healthy Soda, Prebiotic Soft Drink, Aids Digestive Health, Contains Prebiotics & 9g of Plant Fiber, Caffeine Free, Low Calorie, Low Sugar (12 oz, 12-Pack)"
81,"Mountain Dew Soda, 7.5 Ounce Mini Cans, 10 Pack"
82,"STUBBORN SODA Cans, (Pack of 12) Classic Root Beer 144 Fl Oz"
83,"Faygo Rock & Rye flavored cream cola soda, made with 100% cane sugar, 12-fl. oz., 6-pack"
84,"Big Red Soda Soft Drink, 20-Ounce (Pack of 24)"
85,"Coke Zero Sugar Cola Soda, 16.9 oz, 6 Pack (Package May Vary)"
86,"SodaStream Diet Energy, 440ml 4-Pack"
87,"IZZE Sparkling Juice, Clementine, 12 Fl Oz (pack of 4)"
88,"Virgil's, Root Beer, 12 Fl Oz each (pack of 4)"
89,"Calpico Soft Drink, Peach, 50.67-Ounce (Pack of 2)"
90,"Green Soft Drinks Variety pack â€“ Five different variants with No added Sugar, Naturally Sweetened with 100% Stevia Leaf Extract, Carbonated Soda with real juice â€“ Pack of 6 cans"
91,"Pepsi Soda Variety Pack, Pepsi/Wild Cherry Pepsi/Sierra Mist, 12 fl Oz. cans (Pack of 18)"
92,"Lotte Milkis Soft Soda Variety Favor (Yogurt (Regular), Pack of 12)"
93,"Coca-Cola, Fanta, Sprite - Lemon-Lime, Canada Dry - Ginger Ale - Ultimate Variety Pack!, 7.5 oz Mini Cans (Pack of 18, Total of 135 Fl Oz)"
94,(Mix Case) Sarsaparilla Collection 12 Pack
95,"Cheerwine Cherry Soft Drink Soda, 12 Fl Oz Glass Bottle (Pack of 6, Total of 72 Fl Oz)"
96,"Zevia Caffeine Free Cola 10 Pack, 12 FZ"
97,"RC Cola, Royal Crown Cola Soda, 12oz Can (Pack of 15, Total of 180 Fl Oz)"
98,"Zevia Zero Calorie Soda, Rainbow Variety Pack, 12 Ounce Cans (Pack of 24)"
99,"Zevia Zero Calorie Soda, Creamy Root Beer, 12 Ounce Cans (Pack of 24)"
100,"Virgil's Root Beer Soda, 12 oz Glass Bottles (24 Pack)"
101,"IZZE Sparkling Juice, Grapefruit, 12 Fl Oz (pack of 4)"
102,"7Up Lemon Lime Mini Soda Cans, 7.5 oz Soft Drinks Bulk Snacks Pack, Small Refrigerator & Snack Pantry Drink 18 Count Beverage Bedroom & Kitchen Supplies"
103,"San Pellegrino Sparkling Beverage, Aranciata Rossa (Blood Orange), 11.15 Fl Oz (Pack of 12)"
104,"Canada Dry Ginger Ale Variety Soda Summer Pack, Original, Lemonade, and Limeade Ginger Based Soft Drinks, Fun Mini Fridge Stuffers and Ice Drinks for Party Mix"
105,Ramune Japanese Refreshing Carbonated Soft Drink Soda Variety Pack - Ramune Gift Set 8 Variety Pack - Japanese Drink Gift Set Box (8 Count)
106,"OLIPOP - Soda Lovers Pack, Vintage Cola & Root Beer, Classic Soda Variety Pack, Healthy Soda, Prebiotic Soft Drink, Aids Digestive Health, 9g of Plant Fiber, Low Calorie, Low Sugar (12 oz, 12-Pack)"
107,"Pepsi Soda, 12 Fl Oz (pack of 24), (Packaging May Vary)"
108,"San Pellegrino Momenti Clementine & Peach Cans, 11.15 Fl Oz (24 Pack)"
109,"Fanta Orange Soda Fruit Flavored Soft Drink, 12 fl oz, 8 Pack"
110,"Mountain Dew Kickstart Energizing Variety Pack, 16 Ounce (pack of 12)"
111,"Pepsi Made With Real Sugar, 12 Fl Oz (pack of 12)"
112,"Shasta 12 Piece Pack Soda Soft Drinks, CHERRY TWIST"
113,Squirt Original Grapefruit Soda Mini-Cans Soft Drink - 10 Pk (7.5 oz)
114,"18 Pack BGM Assortment of Soda, Coca-Cola, Pepsi, Dr Pepper, Mountain Dew, Sprite and Ginger Ale Refrigerator Restock Kit (Pack of 18)"
115,"Mountain Dew, 12 oz (pack of 12)"
116,"Diet Mountain Dew (12 oz. cans, 36 ct.)"
117,"Zevia Zero Calorie Soda, Grape, 12 Fl Oz (pack of 6)"
118,"Coke-Zero, 12 oz Cans (Pack of 15, Total of 180 Fl Oz)"
119,"Big Red Soda Soft Drink, 20-Ounce (Pack of 24)"
120,"Dr. Pepper Soda, 20oz Bottle (Pack of 8, Total of 160 Fl Oz)"
121,"Mountain Dew Diet Soda, 12 Fl Oz (pack of 12)"
122,"Tahitian Treat, Fruit Punch Soda, 20 Fl Oz Bottle (Pack of 10, Total of 200 Fl Oz)"
123,Pepsi Original Soda Mini-Cans Soft Drink - 15 Pk (7.5 oz)
124,"Pepsi Soda, 7.5 Ounce Mini Cans, 10 Pack"
125,"Barq's Red Creme Soda Soft Drink, 12 Fl Oz, 36 Pack, Red Creme, 12 Fl Oz () , 12 Fl Oz (Pack of 1)"
126,"Bundaberg 4 Flavor Variety Pack,Ginger Beer, Blood Orange, Guava, Peach Sparkling Fruit Drinks, 12.7 oz (12 Pack)"
127,"Shirakiku Ramune Japanese Soda, Variety Pack, 8 Glass Bottles"
128,"Sanpellegrino Blood Orange Sparkling Fruit Beverage Cans, 11.15 Fl Oz (pack of 6)"
129,"Coca-Cola, 12 fl oz, 24 Pack"
130,"AW Zero Sugar Cream Soda, 12 fl oz, 18 cans, total 216 fl oz"
131,"Zevia, Soda Zero Calorie Cream Soda, 12 Fl Oz Cans, 10 Pack"
132,"Diet Pepsi Soda, 7.5 Ounce Mini Cans, 10 Pack"
133,"Shirakiku Ramune Japanese Soda, Variety Pack, 8 Glass Bottles"
134,"Coca-Cola Mini Can Variety Pack, 7.5 Fl Oz, Pack Of 30 (10 Each: Coke Classic, Diet Coke, Sprite),, 7.5 Fl Oz ()"
135,"Jarritos Mandarin Soda Plastic Bottle, 16.9-Ounce (Pack of 24)"
136,"Ting GrapeFruit Soda, 20 Ounce (Pack of 6)"
137,"Shasta Diet Cola, 12-Ounces (Pack Of 24)"
138,"Zevia Zero Calorie Soda, Creamy Root Beer, 12 Ounce Cans (Pack of 24)"
139,"poppi A Healthy Sparkling Prebiotic Soda With Real Fruit Juice For Gut Health Immunity Benefits In 12 Oz Cans, Orange, 12 Fl Oz"
140,"Sprite Lemon Lime Soda Soft Drinks, 16.9 fl oz, 6 Count - Pack of 12"
141,Moxie Soda (12 - 12oz Cans)
142,"Shasta Orange Creme Soda, California Dreamin, 12 Oz Can (Pack of 12)"
143,"PA Dutch Birch Beer, Protected With High-Density Foam, Favorite Amish Drink, 12 Oz. Cans (Case of 24)"
144,"Sprite, Lemon Lime Soda, 12 Oz (Pack of 12)"
145,"Whole Foods Market Organic Tropical Blend Italian Soda, 11.2 fl oz (Pack of 4)"
146,"Coca-Cola Coke Zero Sugar, 7.5 Fl Oz Mini Can (Pack of 12, Total of 135 Oz)"
147,"Regatta Craft Mixers, Classic Ginger Beer, All-Natural Ingredients, Non-GMO, 7.5oz, Case of 24 Sleek Cans"
148,"Mountain Dew, MTN Original and Major Melon Variety Pack 12oz Cans Pack, Watermelon, 18 Count"
149,"Shasta VERY CHERRY TWIST Soda, 12-Ounce Cans (Pack of 24)"
150,"Diet Barq's Root Beer Soda Soft Drink, 12 fl oz, 12 Pack"
151,"GuaranÃ¡ Antarctica, The Brazilian Original GuaranÃ¡ Soda, Regular, 11.83 fl oz (Pack of 12)"
152,Jarritos Limon Soft Drink Pack of 6 - 12.5 oz
153,"Dr Pepper (12 oz. cans, 24 pk.)"
154,"CLEEN CRAFT | Mood-Boosting, Non-Alcoholic Premium Sparkling Hemp Drink, Organic Flavors, Low Calorie & Caffeine-Free, Plant-Based Nootropic Beverage (Ginger, 12-Pack)"
155,"Crush Strawberry Soda, 12oz (pack of 12)"
156,"MTN DEW RISE ENERGY, Drink 6 Flavor Variety 16 oz Cans, 6FL Sampler Pack, 12 Count"
157,Diet Coke Mini 7.5 fl. oz Cans (30 pk.)
158,Solo Cream Soda 20 oz - 6 Pack
159,"Fentimans Bev 4 Pack Cola Cherry Tree, 37.2 oz"
160,"DR PEPPER Cherry Zero Sugar Soda, 12 fl oz cans, 12 pack"
161,"Zevia Kidz Variety Pack, 7.5 Oz Cans (Pack Of 24)"
162,"Seagrams Ginger Ale Soda Soft Drinks, 75 fl oz, 6 Pack"
163,"Kutztown ""Nix Besser"" Sarsaparilla Soda, 24 Oz. Bottles (Pack of 4)"
164,"Mexican Coke Fiesta Pack, 12 fl oz Glass Bottles, 12 Pack"
165,"Canada Dry Bold Ginger Ale, 7.5 fl oz mini cans, 6 pack"
166,Genuine Jamaican Soft Drinks 6 Packs (Kola Champagne)
167,Shirakiku Strawberry Ramune Carbonated Soft Drink Soda 6.76fl oz (200ml) - (Pack of 5)
168,"Zevia Zero Calorie Soda, Creamy Root Beer, 12 Ounce Cans (Pack of 24)"
169,"Stewart Sodas Diet Root Beer, 4pk, 12 oz"
170,"Coca-Cola, Soda Soft Drink, 16.9 oz (pack of 6)"
171,"CALPICO SODA, Carbonated Soft Drink, Hint of Citrus Flavor, Japanese Soda, Made with CALPICO and Carbonated Water. 11.3oz Can (Pack of 8)"
172,"Demi Doux Low Sugar Soda - Soft Drink Made with Real Cane Sugar and No Artificial Sweeteners, 4 Flavor Variety Pack - Cola, Orange Soda, Root Beer, Ginger Ale, 16 Cans (12 oz)"
173,Kutztown Soda- Your Choice of 9 Flavors in a Case Pack of 24/ 24 oz. Bottles (Sarsaparilla)
174,"Mountain Dew Soda, 12 Fl Oz (pack of 24)"
175,"IZZE Sparkling Juice, Blackberry, 12 Fl Oz (pack of 4)"
176,"Health-Ade Pop Vegan Organic Prebiotic Soda for Gut Health, Healthy Soda with Antioxidants, Lactic Acid to Detoxify, 12 Pack Case (12 Fl Oz Cans), Pop: Sampler Pack"
177,"Buchi Kefir Soda Ginger Turmeric Cayenne, 12 Fluid Ounce (Pack of 6)"
178,"Crush Strawberry Soda, 12oz (pack of 12)"
179,"Zevia Natural Twist Soda, Sugar Free, 12 oz, 6 pack"
180,"Sprecher Ginger Ale, 4ct (Pack of 6)"
181,"Sprite Lemon Lime Soda Soft Drinks, 16.9 fl oz (pack of 6)"
182,Loux | Greek Soft Drink | Orange | Pack of 12 | 330ml
183,"Coca-Cola, Coke Classic, Original, 12oz Cans (Pack of 18, Total of 216 oz)"
184,"Sprite Lemon Lime Soda Soft Drinks, 16.9 fl oz (pack of 6)"
185,Genuine Jamaican Soft Drinks 6 Packs (Kola Champagne)
186,"Calpico Soft Drink, Peach, 50.67-Ounce (Pack of 2)"
187,"Coke Zero Sugar Cola Soda, 12 oz, 24 Pack (Package May Vary)"
188,"Zevia Zero Calorie Soda, Grape, 12 Fl Oz (pack of 6)"
189,"HANSEN'S BEVERAGES, Soda, Natural Cola, Pack of 4, Size 6/12 FZ, (GMO Free)"
190,"IZZE Sparkling Juice, 4 Flavor Variety Pack, 8.4 Fl Oz (24 Count)"
191,"LUV BOX - VARIETY 7.5 OZ CANS , PACK OF 16 PEPSI ORIGINAL . WILD CHERRY PEPSI , REAL SUGAR PEPSI , SCHWEPPES CLUB SODA , CRUSH ORANGE , SIERRA MIST . DR PEPPER . MOUNTAIN DEW"
192,"Fanta Grape Soda, 12 Fl Oz Cans (Pack of 18, Total of 216 Fl Oz)"
193,"Zevia, Soda Black Cherry, 12 Fl Oz, 10 Pack"
194,"7Up Lemon Lime Mini Soda Cans, 7.5 oz Soft Drinks Bulk Snacks Pack, Small Refrigerator & Snack Pantry Drink 18 Count Beverage Bedroom & Kitchen Supplies"
195,"Cheerwine Cherry Soft Drink Soda, 12 Fl Oz Glass Bottle (Pack of 6, Total of 72 Fl Oz)"
196,"Dr Pepper Soda, 12 fl oz, 24 pack"
197,"Pepsi Cola (12 oz. cans, 36 ct.)"
198,REBBL POP | Blackberry | Organic Sparkling Prebiotic Soda with Immunity and Digestive Support | 12 Ounce (Pack of 12)
199,"Kutztown ""Nix Besser"" Sarsaparilla Soda, Pa. Dutch Favorite Drink, 24 Oz. Bottles (Pack of 12)"
200,Canada Dry Ginger Ale Original Soda Soft Drink Bottles - 12 Pack (20 oz. ea)
201,"TaB Diet Cola Soda, 12oz Can (Pack of 18, Total of 216 Oz)"
202,"Fanta Orange Soda, 12 Fl Oz Cans (Pack of 18, Total of 216 Fl Oz)"
203,"Sangaria Ramune Soda Bottle, 16.9 Fluid Ounce (Pack of 24)"
204,"7 UP A&W Cream Soda Soft Drink, 20-Ounce (Pack of 24)"
205,"Mountain Dew Soda, 12 Fl Oz (pack of 24)"
206,"Dr Pepper, 12 fl oz cans (Pack of 12)"
207,"Mountain Dew Game Fuel, 3 Flavor Variety Pack, 16oz Cans (12 Pack)"
208,"Cheerwine Diet Cherry Soda Soft Drink, 12 oz (12 Pack)"
209,Sprite Lemon-Lime Natural-Flavored Soda Mini Cans Soft Drink - 30 Pack Cans (7.5 Oz)
210,"Wild Bill's - 4-Flavor Soda Variety Sampler, Root Beer + Vanilla Cream + Black Cherry + Orange Cream, Pure Cane Sugar, NO High Fructose Corn Syrup, Caffeine Free, Gluten Free, Vegan (12 oz, 12-Pack)"
211,"Teddy's Soda Hand Crafted Soda, Root Beer, 26 Fluid Ounce (Pack of 15)"
212,Diet Pepsi Zero Calorie/Sugar Soda Mini-Cans Soft Drink - 15 Pk (7.5 oz)
213,"Shasta Diet Cream Soda, 12 Fl Oz (Pack of 24)"
214,"Sangaria Japanese Soft Drink Ramune, Original Flavor, Pack of 8 (Total 54.08 Fl Oz)"
215,"Diet Coke Soda Soft Drink 1 Liter (Pack of 3, Total of 101.44 Fl Oz)"
216,"Zevia Zero Calorie Soda, Grape, 16 Ounce Cans (Pack of 12)"
217,"OLIPOP - 6-Flavor Soda Variety Pack, Healthy Soda Sampler, Prebiotic Soft Drinks, Supports Digestive Health & Gut Health, 9g of Dietary Plant Fiber, Low Calorie, Low Sugar, Vegan (12 oz, 12-Pack)"
218,Thums up (Indian Soft Drink Can) 300ml (6 Pack)
219,"A&W Root Beer, 20 Fl Oz Bottles, (Pack of 16, Total of 320 Fl Oz)"
220,"[Pack of 6] Henry Weinhard's Soda, 12 Fl Oz Glass Bottle (Black Cherry Cream)"
221,"Gatorade BOLT24 Energize + Caffeine, Advanced Electrolyte Drink Fueled by Gatorade, Vitamin A&C, 75mg Caffeine, 3 Flavor Variety, No Artificial Sweeteners or Flavors, 16.9 Fl Oz, 12 Pack"
222,"Diet Pepsi, 12 ounce Cans (pack of 24)"
223,"Coca-Cola Coke Soda, 12 Ounce (12 Cans)"
224,"Canada Dry Bold Ginger Ale, 7.5 fl oz mini cans, 6 pack"
225,"[Pack of 12] [Free Measuring Spoon] Jarritos Mexican All Natural Fruit Flavored Soft Drink, Variety Pack 11 Flavors ""Cola, Sidral Mundet, Tamarind, Strawberry, Pineapple, Mango, Mandarin, Lime, Guava, Grapefruit, Fruit Punch - 12.5 Fl Oz"
226,"7-UP Diet Soda Soft Drink, 12 Fl Oz (Pack of 24)"
227,"Coca-Cola Drink Cans, 12 Fl. Oz. (Pack Of 35)"
228,"Goya Foods Refresco, Strawberry Soda, 2 Liter Bottle (Pack of 8)"
229,"Diet Coke, 8 Fl Oz Glass Bottle (Pack of 12, Total of 96 Oz)"
230,"Sangaria Melon Soda, 16.2 Ounce (Pack of 24)"
231,"CALPICO SODA, Carbonated Soft Drink, Hint of Citrus Flavor, Japanese Soda, Made With CALPICO and Carbonated Water, 11.3oz Can (Pack of 24)"
232,"Coke-Zero, 12 oz Cans (Pack of 15, Total of 180 Fl Oz)"
233,"Fentimans Bev 4 Pack Cola Cherry Tree, 37.2 oz"
234,"""Tarkhun"" Soft Drink (Chernogolovka) 2L (Pack of 3)"
235,"Coke Zero Sugar Cola Soda, 12 oz, 24 Pack (Package May Vary)"
236,"Zevia All Natural Soda, Black Cherry Zero, 12 Fl Oz (Pack of 6)"
237,"Ramune Japanese Soda, Grape, 6.76 Fluid Ounce, Pack of 8"
238,"Blue Sky Root Beer Soda Soft Drink, 12 fl oz, 6 Pack"
239,"Pepsi, Diet Pepsi, 12 oz (pack of 12)"
240,"Sprite Mini-Cans, 7.5 fl oz (Pack of 24)"
241,Coco Rico Coconut Soda 12oz can (6pack)
242,"Barq's Red Creme Soda Soft Drink, 12 Fl Oz, 36 Pack, Red Creme, 12 Fl Oz () , 12 Fl Oz (Pack of 1)"
243,"Zevia Zero Calorie Soda, Creamy Root Beer, 12 Ounce Cans (Pack of 24)"
244,"Coke Zero Cherry 20 oz Bottles (Pack of 10, Total of 200 Fl OZ)"
245,"San Pellegrino, Momenti Sparkling Drink Pomegranate Blackcurrant, 11.15 Fl Oz, 6 Pack"
246,"Jarritos Jamaica Natural Flavor Soft Soda Drink, With Real Sugar, 12.5oz Bottle (Pack of 6, Total of 75 Fl Oz)"
247,"San Pellegrino, Soda Clementina, 11.15 Fl Oz, 6 Pack"
248,"Sprite Lemon Lime Soda Soft Drinks, 8.5 fl oz, 12 Pack"
249,"Zevia, Soda Mountain Z, 12 Fl Oz, 6 Pack"
250,"OLIPOP - Sparkling Tonic, Healthy Soda, Prebiotic Soft Drinks, Supports Digestive Health & Gut Health, 9g of Dietary Plant Fiber, Low Calorie, Low Sugar, Vegan, 12 oz, 6 Pack (Classic Root Beer)"
251,"Jarritos Mexican Soft Soda Drink, Grapefruit, Mandarin, Lime - Variety Pack, 12.5oz Glass Bottle (Pack of 6, Total of 75 Fl Oz)"
252,"Diet Coke Caffeine Free Soda Soft Drink, 12 fl oz, 24 Pack"
253,"TaB Diet Cola Soda, 12 Ounce (12 Cans)"
254,"Virgilâ€™s, Zero Sugar Cola, Great Tasting Zero Calorie Keto Friendly Soda (12- 12oz cans)"
255,Squirt Original Grapefruit Soda Mini-Cans Soft Drink - 10 Pk (7.5 oz)
256,"Barq's Red Creme Soda Soft Drink, 12 Fl Oz, 36 Pack, Red Creme, 12 Fl Oz () , 12 Fl Oz (Pack of 1)"
257,"Virgil's, Soda Cream, 12 Fl Oz, 4 Pack"
258,(Mix Case) Sioux City Soda Variety -Mix of 4 Flavors (12 Pack)
259,"Bundle of Orange Soda Mini Soda Cans, 7.5 oz Soft Drinks Bulk Snacks Pack, Small Refrigerator & Snack Pantry Drink 12 Count Beverage Bedroom & Kitchen Supplies"
260,"Coke Zero Sugar Cola Soda, 16.9 oz, 6 Pack (Package May Vary)"
261,"A&W Root Beer Mini Soda Cans, 7.5 oz Soft Drinks Bulk Snacks Pack, Small Refrigerator & Snack Pantry Drink 12 Count Beverage Bedroom & Kitchen Supplies"
262,"Mountain Dew, Code Red, Cherry, 12 oz (pack of 12)"
263,"Pibb Xtra Fridge Pack Soda Soft Drinks, 12 fl oz, 12 Pack"
264,"Coca-Cola Mini-Cans, 7.5 fl oz (Pack of 24)"
265,"""Oran Soda"" Soft Drink 11.15 Fluid Ounce (33cl) Cans (Pack of 6) [ Italian Import ]"
266,"Regatta Craft Mixers, Classic Ginger Beer, All-Natural Ingredients, Non-GMO, 7.5oz, Case of 24 Sleek Cans"
267,"Coca-Cola Soft Drink Variety Pack, 12 Fluid Ounce, 36 Pack"
268,Power for Apple Ramune gift set 8 variety pack (Original Version)
269,"AmishTastes Kutztown ""Nix Besser"" Birch Beer, Favorite Amish Drink, 24 Oz. Bottles (Pack of 4)"
270,"Stewart Sodas Diet Root Beer, 4pk, 12 oz"
271,"LOTTE Milkis Soda Beverage, Peach, 8.5 Fluid Ounce (Pack of 6)"
272,"Canada Dry Ginger Ale Mini Soda Cans, 7.5 oz Soft Drinks Bulk Snacks Pack, Small Refrigerator & Snack Pantry Drink 18 Count Beverage Kitchen Supplies"
273,"7 UP Soda Soft Drink, 20-Ounce (Pack of 24)"
274,"Soda Variety Pack (18 Cans) Bundle of Coke, Pepsi Cola, Dr Pepper, Mountain Dew, Sprite and Canada Dry Ginger Ale Soft Drinks, Mini Fridge Organizer Can Restock Kit"
275,"DR PEPPER Cherry Zero Sugar Soda, 12 fl oz cans, 12 pack"
276,"Zevia Zero Calorie Soda, Rainbow Variety Pack, 12 Ounce Cans (Pack of 24)"
277,"Mountain Dew, 12 oz (pack of 12)"
